{"cameraMode":{"drawMode":0,"name":"Shaded","section":"Shading Mode"},"sceneLighting":true,"audioPlay":false,"sceneViewState":{"m_AlwaysRefresh":false,"showFog":true,"showSkybox":true,"showFlares":true,"showImageEffects":true,"showParticleSystems":true,"showVisualEffectGraphs":true,"m_FxEnabled":true},"in2DMode":false,"pivot":{"x":0.07209093868732453,"y":1.6285600662231446,"z":-0.22943389415740968},"rotation":{"x":0.13754965364933015,"y":0.7761574387550354,"z":-0.18157553672790528,"w":0.5879594087600708},"size":2.32344913482666,"orthographic":false}