{"cameraMode":{"drawMode":0,"name":"Shaded","section":"Shading Mode"},"sceneLighting":true,"audioPlay":false,"sceneViewState":{"m_AlwaysRefresh":false,"showFog":true,"showSkybox":true,"showFlares":true,"showImageEffects":true,"showParticleSystems":true,"showVisualEffectGraphs":true,"m_FxEnabled":true},"in2DMode":false,"pivot":{"x":27.59600830078125,"y":24.619985580444337,"z":-8.87504768371582},"rotation":{"x":0.042879097163677219,"y":-0.5756726861000061,"z":0.030250603333115579,"w":0.8159944415092468},"size":3.2857158184051515,"orthographic":false}