{"cameraMode":{"drawMode":0,"name":"Shaded","section":"Shading Mode"},"sceneLighting":true,"audioPlay":false,"sceneViewState":{"m_AlwaysRefresh":false,"showFog":true,"showSkybox":true,"showFlares":true,"showImageEffects":true,"showParticleSystems":true,"showVisualEffectGraphs":true,"m_FxEnabled":false},"in2DMode":false,"pivot":{"x":0.5943698287010193,"y":0.4967806041240692,"z":-0.42385435104370119},"rotation":{"x":0.037070225924253467,"y":-0.14933302998542787,"z":0.005602620076388121,"w":0.9880756735801697},"size":7.64396858215332,"orthographic":false}